72.00217,1.0,1.0,64.136635,56.146717,40.54831,49.827415,1.0,1.0,72.39347,73.31999,57.27007,37.126217,58.450428,50.832943,1.0,1.0,89.97682,678.86694,1.0,1.0,1.0,43.72453,35.827385,1.0
73.26246,1.0,1.0,64.9553,56.888676,41.606228,51.390877,1.0,1.0,73.72615,74.66616,57.95534,37.587963,59.549164,51.644897,1.0,1.0,89.88945,691.16144,1.0,1.0,1.0,44.450535,36.272774,1.0
73.71517,1.0,1.0,65.28752,57.184254,41.96249,51.87686,1.0,1.0,74.216545,75.20718,58.225094,37.865265,60.08616,51.986115,1.0,1.0,89.25313,691.7943,1.0,1.0,1.0,44.769737,36.524734,1.0
72.1815,1.0,1.0,63.999107,56.02437,41.055706,50.71935,1.0,1.0,72.65766,73.60335,57.104805,37.039776,58.720184,50.88804,1.0,1.0,88.291985,680.22797,1.0,1.0,1.0,43.814667,35.761696,1.0
70.313255,1.0,1.0,62.3818,54.617535,39.949455,49.305172,1.0,1.0,70.75535,71.64555,55.680695,36.079655,57.109886,49.573757,1.0,1.0,86.688545,664.19366,1.0,1.0,1.0,42.669716,34.84844,1.0
70.423874,1.0,1.0,64.22001,56.3033,38.378468,46.02529,1.0,1.0,71.843895,73.17437,57.24287,37.66883,58.22407,50.59739,1.0,1.0,90.79518,627.09045,1.0,1.0,1.0,43.719856,35.868015,1.0
71.84252,1.0,1.0,65.828964,57.780373,38.88046,46.429573,1.0,1.0,73.60342,75.04932,58.564754,38.744007,59.692688,51.824436,1.0,1.0,92.85056,629.614,1.0,1.0,1.0,44.841034,36.703037,1.0
78.314896,1.0,1.0,69.46806,60.826275,44.33758,54.748302,1.0,1.0,78.78981,79.76778,61.978333,40.117054,63.551743,55.166424,1.0,1.0,96.74412,741.4251,1.0,1.0,1.0,47.440987,38.71035,1.0
79.13776,1.0,1.0,70.9359,62.053017,43.85467,53.43658,1.0,1.0,79.51987,80.73364,63.391064,41.083065,64.341064,55.966755,1.0,1.0,100.62335,740.3596,1.0,1.0,1.0,48.098434,39.59575,1.0
77.91872,1.0,1.0,69.46756,60.817665,43.657433,53.581253,1.0,1.0,78.30847,79.34025,62.02754,40.18963,63.244385,54.995346,1.0,1.0,97.72439,734.4487,1.0,1.0,1.0,47.274338,38.744053,1.0
78.953384,1.0,1.0,70.35076,61.565914,44.303406,54.434044,1.0,1.0,79.36615,80.39997,62.80425,40.658512,64.065796,55.697025,1.0,1.0,98.882454,745.32306,1.0,1.0,1.0,47.878643,39.214657,1.0
79.307526,1.0,1.0,71.10913,62.21495,43.9215,53.499218,1.0,1.0,79.71806,80.93779,63.546413,41.201965,64.50252,56.1112,1.0,1.0,100.86977,741.1378,1.0,1.0,1.0,48.22661,39.694252,1.0
79.480865,1.0,1.0,70.28024,61.594494,45.188297,55.848305,1.0,1.0,80.03106,81.07479,62.65308,40.79491,64.84206,56.038044,1.0,1.0,95.52081,743.82104,1.0,1.0,1.0,48.221394,39.350956,1.0
79.12412,1.0,1.0,70.67335,61.830112,44.17052,54.091908,1.0,1.0,79.49773,80.60334,63.11973,40.87198,64.23917,55.859013,1.0,1.0,99.747856,744.77136,1.0,1.0,1.0,48.01229,39.411026,1.0
79.51402,1.0,1.0,71.31053,62.39872,44.01404,53.59767,1.0,1.0,79.94734,81.172905,63.727036,41.33173,64.68817,56.2755,1.0,1.0,101.158264,742.4642,1.0,1.0,1.0,48.37057,39.807163,1.0
79.674904,1.0,1.0,70.02584,61.574368,45.408237,55.885937,1.0,1.0,80.28034,81.269844,62.342155,41.083538,65.418335,56.309116,1.0,1.0,92.2356,729.7048,1.0,1.0,1.0,48.39605,39.692394,1.0
79.21661,1.0,1.0,70.78689,61.926186,44.1796,54.070717,1.0,1.0,79.583336,80.70255,63.226345,40.94186,64.31995,55.93148,1.0,1.0,99.98469,745.26685,1.0,1.0,1.0,48.07326,39.47656,1.0
79.65793,1.0,1.0,71.48744,62.563892,44.04825,53.60018,1.0,1.0,80.15006,81.38605,63.88941,41.462498,64.85132,56.423515,1.0,1.0,101.42478,742.3317,1.0,1.0,1.0,48.506393,39.910267,1.0
79.58353,1.0,1.0,69.87078,61.479233,45.373405,55.802708,1.0,1.0,80.1967,81.177826,62.18779,41.07411,65.41661,56.26997,1.0,1.0,91.52318,726.0536,1.0,1.0,1.0,48.352165,39.68788,1.0
79.23645,1.0,1.0,70.86708,61.98923,44.10851,53.91827,1.0,1.0,79.58892,80.73348,63.308426,40.997643,64.34847,55.960682,1.0,1.0,100.24844,744.6761,1.0,1.0,1.0,48.096485,39.527527,1.0
79.73804,1.0,1.0,71.59452,62.66426,44.060432,53.586643,1.0,1.0,80.27272,81.51567,63.988686,41.544132,64.94944,56.513447,1.0,1.0,101.589935,742.02814,1.0,1.0,1.0,48.58997,39.973183,1.0
79.661934,1.0,1.0,69.93492,61.539707,45.416054,55.85419,1.0,1.0,80.275185,81.25588,62.243668,41.11684,65.48383,56.32672,1.0,1.0,91.58283,726.6262,1.0,1.0,1.0,48.400066,39.727524,1.0
79.173615,1.0,1.0,70.88017,61.9928,43.983967,53.692978,1.0,1.0,79.510056,80.68168,63.33171,41.016373,64.3119,55.933678,1.0,1.0,100.43169,743.20654,1.0,1.0,1.0,48.07152,39.54273,1.0
79.789604,1.0,1.0,71.68749,62.754955,44.046806,53.53174,1.0,1.0,80.38078,81.632645,64.07623,41.625347,65.036316,56.59478,1.0,1.0,101.736664,741.0801,1.0,1.0,1.0,48.668495,40.03019,1.0
79.58076,1.0,1.0,69.82052,61.463173,45.37972,55.78625,1.0,1.0,80.198235,81.17398,62.13239,41.096985,65.45946,56.284145,1.0,1.0,91.140465,724.2577,1.0,1.0,1.0,48.357655,39.710663,1.0
80.18232,1.0,1.0,72.52635,63.57224,43.87763,52.993164,1.0,1.0,81.28586,82.658394,64.744316,42.334457,65.805115,57.239567,1.0,1.0,102.79085,729.9468,1.0,1.0,1.0,49.3183,40.468937,1.0
79.85554,1.0,1.0,71.757355,62.81611,44.074413,53.5583,1.0,1.0,80.458855,81.712524,64.141716,41.66759,65.096756,56.649395,1.0,1.0,101.84916,741.4851,1.0,1.0,1.0,48.716675,40.06868,1.0
78.05383,1.0,1.0,68.1746,60.210262,44.574356,54.636517,1.0,1.0,78.69034,79.616325,60.60238,40.481556,64.50577,55.321247,1.0,1.0,86.93403,698.55505,1.0,1.0,1.0,47.485775,39.125565,1.0
80.15422,1.0,1.0,73.402855,64.4746,43.213074,51.639027,1.0,1.0,82.11964,83.73011,65.25197,43.188038,66.5877,57.792995,1.0,1.0,103.49998,702.54956,1.0,1.0,1.0,49.977936,40.824257,1.0
79.599304,1.0,1.0,71.53918,62.619522,43.933983,53.38056,1.0,1.0,80.21101,81.462395,63.95003,41.53974,64.89395,56.473408,1.0,1.0,101.552795,738.9758,1.0,1.0,1.0,48.56776,39.94928,1.0
78.26996,1.0,1.0,68.40999,60.38408,44.69166,54.803146,1.0,1.0,78.904915,79.84026,60.821617,40.565395,64.64013,55.455257,1.0,1.0,87.541336,702.2835,1.0,1.0,1.0,47.607952,39.20824,1.0
78.33299,1.0,1.0,73.49394,64.9713,40.32131,46.977993,1.0,1.0,81.78489,83.89068,65.38663,44.010403,66.709206,57.80707,1.0,1.0,101.78775,607.094,1.0,1.0,1.0,50.134747,40.977936,1.0
78.24578,1.0,1.0,70.28724,61.49336,43.26185,52.60145,1.0,1.0,78.78878,80.00919,62.837555,40.769535,63.73771,55.462646,1.0,1.0,99.79444,728.2215,1.0,1.0,1.0,47.693684,39.2544,1.0
78.18651,1.0,1.0,68.51842,60.35293,44.633125,54.81323,1.0,1.0,78.810326,79.76882,60.959244,40.42407,64.40701,55.330463,1.0,1.0,88.84456,708.197,1.0,1.0,1.0,47.53117,39.08163,1.0
78.622444,1.0,1.0,74.51256,65.84558,38.970394,44.974743,1.0,1.0,82.3225,84.726494,66.755424,44.762653,67.49048,58.437744,1.0,1.0,101.61137,556.6166,1.0,1.0,1.0,50.626114,41.520325,1.0
77.4537,1.0,1.0,69.78528,61.08502,42.66311,51.70291,1.0,1.0,78.23517,79.47951,62.412697,40.594547,63.288162,55.096096,1.0,1.0,99.150894,714.7067,1.0,1.0,1.0,47.418972,39.006195,1.0
78.076935,1.0,1.0,68.50465,60.286545,44.565254,54.766594,1.0,1.0,78.69569,79.66249,60.965992,40.32493,64.24184,55.22516,1.0,1.0,89.352104,710.18994,1.0,1.0,1.0,47.453983,38.98881,1.0
77.797134,1.0,1.0,74.96978,66.24807,36.047157,40.679035,1.0,1.0,81.85129,83.985664,67.16905,45.089664,67.82613,58.499092,1.0,1.0,98.50162,459.40762,1.0,1.0,1.0,50.453976,41.43244,1.0
75.09929,1.0,1.0,68.43098,59.98629,40.878136,49.074814,1.0,1.0,76.5746,77.97584,60.992996,40.080963,62.02806,53.899776,1.0,1.0,96.82761,670.81146,1.0,1.0,1.0,46.547813,38.161377,1.0
77.71987,1.0,1.0,68.55474,60.13196,44.29215,54.618076,1.0,1.0,78.2987,79.29849,61.09131,39.96758,63.59974,54.855984,1.0,1.0,91.85932,720.3372,1.0,1.0,1.0,47.188236,38.621952,1.0
78.52534,1.0,1.0,75.07823,66.33111,37.749245,43.159184,1.0,1.0,82.50684,84.82228,67.36116,45.08375,67.96303,58.75437,1.0,1.0,100.76659,514.37286,1.0,1.0,1.0,50.793434,41.68932,1.0
76.44102,1.0,1.0,69.30601,60.710407,41.828358,50.429306,1.0,1.0,77.618805,78.958664,61.864555,40.466133,62.835613,54.642986,1.0,1.0,98.24564,692.91595,1.0,1.0,1.0,47.117508,38.685867,1.0
77.220375,1.0,1.0,68.45679,59.92553,43.826065,54.160343,1.0,1.0,77.71959,78.71187,61.077747,39.555977,62.757515,54.398144,1.0,1.0,94.72109,729.55066,1.0,1.0,1.0,46.807827,38.177197,1.0
79.361946,1.0,1.0,73.25596,64.42587,42.38637,50.291016,1.0,1.0,81.85765,83.60368,64.95215,43.31846,66.44435,57.58953,1.0,1.0,102.95876,678.2962,1.0,1.0,1.0,49.919674,40.66678,1.0
78.815506,1.0,1.0,70.85137,62.004128,43.516033,52.86239,1.0,1.0,79.43282,80.67603,63.33917,41.13734,64.26364,55.923088,1.0,1.0,100.58636,731.5792,1.0,1.0,1.0,48.098927,39.57288,1.0
78.72564,1.0,1.0,69.78844,61.12968,44.58759,55.08113,1.0,1.0,79.20467,80.19147,62.259777,40.317345,63.907204,55.45186,1.0,1.0,96.98906,744.84375,1.0,1.0,1.0,47.690044,38.887783,1.0
75.04348,1.0,1.0,65.39725,57.893345,42.89401,52.501057,1.0,1.0,75.65731,76.52257,58.11665,39.04691,62.179592,53.27758,1.0,1.0,82.384315,665.319,1.0,1.0,1.0,45.71777,37.740376,1.0
80.50142,1.0,1.0,71.07541,62.371136,45.749245,56.507423,1.0,1.0,81.05425,82.10009,63.32726,41.374043,65.75949,56.791374,1.0,1.0,95.97374,749.7235,1.0,1.0,1.0,48.851353,39.885784,1.0
80.57138,1.0,1.0,71.693,62.767673,45.285885,55.733498,1.0,1.0,81.003944,82.025665,63.98116,41.425137,65.358734,56.81315,1.0,1.0,100.560875,761.6163,1.0,1.0,1.0,48.831997,39.941566,1.0
80.48247,1.0,1.0,71.3176,62.462753,45.6057,56.37678,1.0,1.0,80.985634,82.01689,63.606033,41.21447,65.3913,56.68509,1.0,1.0,98.69441,760.4431,1.0,1.0,1.0,48.758312,39.742336,1.0
80.212524,1.0,1.0,71.943474,62.950916,44.386784,54.04758,1.0,1.0,80.66008,81.898026,64.294174,41.69295,65.2608,56.77205,1.0,1.0,102.0735,748.95703,1.0,1.0,1.0,48.795288,40.154026,1.0
80.3185,1.0,1.0,71.32591,62.45779,45.336254,55.93661,1.0,1.0,80.784645,81.75877,63.635983,41.188995,65.13636,56.59717,1.0,1.0,99.67462,760.788,1.0,1.0,1.0,48.653442,39.725224,1.0
79.963264,1.0,1.0,71.583176,62.608955,44.410442,54.216206,1.0,1.0,80.30183,81.485916,63.95809,41.417507,64.95137,56.4868,1.0,1.0,101.43531,750.73956,1.0,1.0,1.0,48.54301,39.927673,1.0
80.5459,1.0,1.0,71.80488,62.845802,45.104156,55.374813,1.0,1.0,80.95101,82.02293,64.10518,41.504696,65.36257,56.825726,1.0,1.0,101.04358,759.8575,1.0,1.0,1.0,48.839462,40.015972,1.0
80.498055,1.0,1.0,71.74283,62.789852,45.108627,55.402847,1.0,1.0,80.908775,81.97236,64.047035,41.461823,65.318886,56.78573,1.0,1.0,100.90915,759.7337,1.0,1.0,1.0,48.806255,39.97865,1.0
80.53041,1.0,1.0,71.55436,62.65756,45.400578,55.98373,1.0,1.0,80.98783,81.96452,63.84224,41.327396,65.30252,56.75878,1.0,1.0,100.12258,762.59485,1.0,1.0,1.0,48.78829,39.852608,1.0
75.33352,1.0,1.0,65.71356,58.097584,43.075336,52.736443,1.0,1.0,75.96109,76.84525,58.401794,39.14817,62.36351,53.446194,1.0,1.0,83.1197,670.068,1.0,1.0,1.0,45.87196,37.851246,1.0
80.51955,1.0,1.0,71.20309,62.43587,45.725307,56.54006,1.0,1.0,81.05364,82.11948,63.458687,41.340508,65.66377,56.770107,1.0,1.0,96.926285,754.063,1.0,1.0,1.0,48.84876,39.826904,1.0
76.10541,1.0,1.0,66.398506,58.691883,43.50202,53.271706,1.0,1.0,76.73562,77.63089,59.01013,39.533077,62.984528,53.98281,1.0,1.0,84.09515,677.6465,1.0,1.0,1.0,46.332077,38.219803,1.0
80.52525,1.0,1.0,71.25839,62.458794,45.716488,56.556564,1.0,1.0,81.05262,82.126366,63.51611,41.321407,65.62018,56.757328,1.0,1.0,97.34247,755.98193,1.0,1.0,1.0,48.84533,39.801285,1.0
73.62631,1.0,1.0,64.00421,56.90991,42.031116,51.41781,1.0,1.0,74.202194,75.03486,56.86642,38.58057,61.234676,52.439003,1.0,1.0,79.57169,645.93036,1.0,1.0,1.0,44.956814,37.15297,1.0
70.9848,1.0,1.0,61.665806,54.921833,40.532043,49.560127,1.0,1.0,71.53232,72.330574,54.793373,37.325447,59.125935,50.63375,1.0,1.0,76.29967,620.01807,1.0,1.0,1.0,43.403744,35.890377,1.0
70.0795,1.0,1.0,60.932453,54.193214,40.054073,48.97407,1.0,1.0,70.63089,71.425446,54.150936,36.7733,58.30868,49.945057,1.0,1.0,75.70936,613.96204,1.0,1.0,1.0,42.830933,35.414257,1.0
80.37271,1.0,1.0,70.81907,62.186993,45.742886,56.408363,1.0,1.0,80.95678,81.97886,63.078247,41.355602,65.80421,56.74074,1.0,1.0,94.56263,743.05255,1.0,1.0,1.0,48.78933,39.92147,1.0
74.679535,1.0,1.0,64.88771,57.733234,42.59799,52.117573,1.0,1.0,75.251144,76.085945,57.644848,39.16325,62.13193,53.202488,1.0,1.0,80.5271,654.3474,1.0,1.0,1.0,45.603706,37.684338,1.0
71.42018,1.0,1.0,61.875565,55.38878,40.650684,49.708817,1.0,1.0,71.90816,72.65327,54.96858,37.8492,59.664623,51.101437,1.0,1.0,75.5522,617.1697,1.0,1.0,1.0,43.767105,36.209076,1.0
80.105,1.0,1.0,70.308464,61.883205,45.654945,56.15,1.0,1.0,80.71691,81.69744,62.568424,41.352467,65.85482,56.644966,1.0,1.0,91.99408,730.1998,1.0,1.0,1.0,48.66978,39.947166,1.0
80.86528,1.0,1.0,71.237015,62.56442,46.016575,56.742577,1.0,1.0,81.45313,82.477165,63.44679,41.611683,66.21685,57.090214,1.0,1.0,95.03645,747.1837,1.0,1.0,1.0,49.085896,40.166115,1.0
80.938705,1.0,1.0,71.41612,62.664845,46.0295,56.821747,1.0,1.0,81.51348,82.555275,63.628197,41.596638,66.16514,57.104473,1.0,1.0,96.06734,752.17786,1.0,1.0,1.0,49.11372,40.135506,1.0
80.9269,1.0,1.0,71.48108,62.681473,46.008007,56.834953,1.0,1.0,81.49434,82.54712,63.701317,41.554737,66.08389,57.071205,1.0,1.0,96.6636,754.8766,1.0,1.0,1.0,49.0955,40.088223,1.0
80.857124,1.0,1.0,71.53863,62.675694,45.938213,56.814056,1.0,1.0,81.408516,82.47813,63.77547,41.46719,65.91057,56.9844,1.0,1.0,97.56633,758.6854,1.0,1.0,1.0,49.03744,39.984783,1.0
78.32681,1.0,1.0,69.72275,61.013165,44.078373,54.244514,1.0,1.0,78.76215,79.74716,62.24467,40.268684,63.532043,55.234783,1.0,1.0,97.843414,740.82336,1.0,1.0,1.0,47.485638,38.856888,1.0
77.68487,1.0,1.0,71.42436,62.750195,41.742603,49.711266,1.0,1.0,79.842354,81.46578,63.43892,42.107952,64.76245,56.181187,1.0,1.0,100.6149,673.4319,1.0,1.0,1.0,48.643116,39.70776,1.0
75.002365,1.0,1.0,70.885414,62.628994,37.68018,43.61074,1.0,1.0,78.463486,80.65357,63.39765,42.54162,64.21807,55.63487,1.0,1.0,97.18485,546.91376,1.0,1.0,1.0,48.228718,39.53772,1.0
75.08222,1.0,1.0,70.4591,62.268276,38.724937,45.115673,1.0,1.0,78.38979,80.388504,62.706516,42.18852,63.927814,55.412754,1.0,1.0,97.657234,582.9172,1.0,1.0,1.0,48.071537,39.315044,1.0
79.08602,1.0,1.0,71.27194,62.405422,43.509624,52.715416,1.0,1.0,79.911224,81.189705,63.724545,41.47566,64.64979,56.27471,1.0,1.0,101.22733,728.8179,1.0,1.0,1.0,48.432594,39.818764,1.0
80.00073,1.0,1.0,71.15486,62.28185,45.04389,55.48217,1.0,1.0,80.44808,81.441734,63.50309,41.090366,64.88225,56.39719,1.0,1.0,99.73242,757.1174,1.0,1.0,1.0,48.47875,39.637383,1.0
80.00144,1.0,1.0,71.155014,62.28384,45.04215,55.47776,1.0,1.0,80.4478,81.443405,63.501842,41.093533,64.884834,56.398647,1.0,1.0,99.72772,757.0432,1.0,1.0,1.0,48.479836,39.638718,1.0
80.237755,1.0,1.0,71.496346,62.569218,44.99644,55.284637,1.0,1.0,80.65427,81.7062,63.82713,41.31129,65.102776,56.59698,1.0,1.0,100.525314,757.615,1.0,1.0,1.0,48.64548,39.84065,1.0
80.27629,1.0,1.0,71.54794,62.61278,44.994335,55.26413,1.0,1.0,80.68898,81.74819,63.87601,41.343784,65.13725,56.628376,1.0,1.0,100.64044,757.7644,1.0,1.0,1.0,48.671772,39.87081,1.0
80.32394,1.0,1.0,71.7112,62.744312,44.857815,54.968395,1.0,1.0,80.70764,81.81719,64.040726,41.459644,65.201546,56.69255,1.0,1.0,101.159775,756.6207,1.0,1.0,1.0,48.723164,39.974983,1.0
79.30369,1.0,1.0,70.061356,61.4233,45.113552,55.720222,1.0,1.0,79.86485,80.89707,62.447247,40.728203,64.76079,55.93182,1.0,1.0,94.76357,739.7262,1.0,1.0,1.0,48.12218,39.306255,1.0
80.34369,1.0,1.0,71.095856,62.280033,45.65346,56.46306,1.0,1.0,80.89095,81.95812,63.38371,41.203354,65.486374,56.621735,1.0,1.0,97.021614,754.1368,1.0,1.0,1.0,48.728924,39.732807,1.0
76.27117,1.0,1.0,66.54236,58.82706,43.582638,53.374786,1.0,1.0,76.89571,77.78907,59.136784,39.6235,63.116287,54.10091,1.0,1.0,84.3058,679.1838,1.0,1.0,1.0,46.43295,38.29704,1.0
79.992676,1.0,1.0,70.86158,62.049107,45.40659,56.16452,1.0,1.0,80.51885,81.5725,63.19351,40.98685,65.089966,56.351383,1.0,1.0,97.45481,754.0257,1.0,1.0,1.0,48.493675,39.522823,1.0
79.79527,1.0,1.0,70.73003,61.94966,45.187992,55.83567,1.0,1.0,80.283615,81.28829,63.09248,40.853943,64.77947,56.19816,1.0,1.0,98.24024,754.9669,1.0,1.0,1.0,48.33024,39.40371,1.0
80.30745,1.0,1.0,71.36926,62.49491,45.263332,55.80426,1.0,1.0,80.76187,81.735664,63.682877,41.222202,65.120544,56.60606,1.0,1.0,99.897995,760.3966,1.0,1.0,1.0,48.657337,39.751717,1.0
80.162544,1.0,1.0,71.20856,62.357044,45.22499,55.786224,1.0,1.0,80.62348,81.588005,63.534565,41.125862,65.001434,56.496323,1.0,1.0,99.58556,759.30505,1.0,1.0,1.0,48.56484,39.66147,1.0
80.623344,1.0,1.0,71.418335,62.546062,45.740063,56.575138,1.0,1.0,81.14619,82.20196,63.687977,41.305798,65.58509,56.79324,1.0,1.0,98.312195,760.2463,1.0,1.0,1.0,48.867565,39.822937,1.0
80.825676,1.0,1.0,71.555336,62.670704,45.90758,56.80072,1.0,1.0,81.36895,82.446724,63.797173,41.43404,65.84108,56.948742,1.0,1.0,97.89931,760.04724,1.0,1.0,1.0,49.01338,39.942814,1.0
79.2544,1.0,1.0,69.3757,61.171345,45.216022,55.508617,1.0,1.0,79.879074,80.83252,61.700718,41.015385,65.3409,56.11118,1.0,1.0,89.509094,715.29785,1.0,1.0,1.0,48.186443,39.63267,1.0
80.592285,1.0,1.0,70.79013,62.273518,45.91785,56.50432,1.0,1.0,81.20327,82.196785,63.008728,41.56941,66.199844,56.966824,1.0,1.0,93.00249,736.8229,1.0,1.0,1.0,48.952095,40.154343,1.0
77.5304,1.0,1.0,67.58371,59.79433,44.28014,54.21668,1.0,1.0,78.16371,79.06002,60.048916,40.29732,64.19556,55.008007,1.0,1.0,85.320335,688.76013,1.0,1.0,1.0,47.197155,38.934883,1.0
78.32516,1.0,1.0,68.36453,60.416157,44.718784,54.79841,1.0,1.0,78.95969,79.87832,60.75943,40.65038,64.76626,55.5314,1.0,1.0,86.89227,699.3106,1.0,1.0,1.0,47.65805,39.278503,1.0
78.17783,1.0,1.0,68.19164,60.296883,44.63902,54.679577,1.0,1.0,78.8143,79.72402,60.596252,40.600895,64.68556,55.445045,1.0,1.0,86.38398,696.31055,1.0,1.0,1.0,47.576946,39.22794,1.0
77.70126,1.0,1.0,67.68004,59.94937,44.355633,54.305664,1.0,1.0,78.32563,79.208855,60.1345,40.42296,64.37999,55.16022,1.0,1.0,85.19054,688.6809,1.0,1.0,1.0,47.316696,39.04409,1.0
77.02642,1.0,1.0,66.99677,59.487392,43.93919,53.781395,1.0,1.0,77.62881,78.49215,59.521515,40.22037,63.950375,54.77376,1.0,1.0,83.71724,678.7888,1.0,1.0,1.0,46.962498,38.77739,1.0
75.9902,1.0,1.0,66.00378,58.755695,43.31766,53.00427,1.0,1.0,76.5689,77.41417,58.631245,39.865738,63.23801,54.14538,1.0,1.0,81.811424,665.38525,1.0,1.0,1.0,46.399746,38.336777,1.0
75.83253,1.0,1.0,65.85321,58.644154,43.22311,52.8861,1.0,1.0,76.40763,77.250015,58.496304,39.81071,63.128532,54.049107,1.0,1.0,81.52674,663.3713,1.0,1.0,1.0,46.31372,38.269146,1.0
80.798195,1.0,1.0,71.34575,62.582134,45.93494,56.732613,1.0,1.0,81.364685,82.40855,63.580544,41.50355,65.99594,56.99078,1.0,1.0,96.3525,752.88416,1.0,1.0,1.0,49.02287,40.03521,1.0
79.73463,1.0,1.0,70.64238,61.861988,45.24689,55.955658,1.0,1.0,80.25437,81.2956,63.004,40.853687,64.85722,56.170063,1.0,1.0,97.30374,752.0268,1.0,1.0,1.0,48.333538,39.39463,1.0
79.34098,1.0,1.0,69.33084,61.21575,45.274616,55.52441,1.0,1.0,79.97585,80.915,61.63444,41.124386,65.52275,56.215137,1.0,1.0,88.67656,711.6636,1.0,1.0,1.0,48.254803,39.73214,1.0
80.49609,1.0,1.0,70.95026,62.28864,45.809208,56.499718,1.0,1.0,81.08141,82.10353,63.20526,41.40479,65.8816,56.81938,1.0,1.0,94.892525,745.10004,1.0,1.0,1.0,48.858433,39.969837,1.0
80.03275,1.0,1.0,70.87934,62.066456,45.46516,56.25715,1.0,1.0,80.57181,81.63735,63.207417,41.023632,65.17687,56.388554,1.0,1.0,97.11688,753.309,1.0,1.0,1.0,48.536045,39.55053,1.0
79.86003,1.0,1.0,70.66587,61.90967,45.383488,56.122192,1.0,1.0,80.4063,81.458,63.008427,40.96288,65.094574,56.28768,1.0,1.0,96.409256,749.3888,1.0,1.0,1.0,48.44077,39.502476,1.0
80.272575,1.0,1.0,70.97226,62.204556,45.627377,56.395138,1.0,1.0,80.828255,81.87825,63.26832,41.19514,65.485504,56.593914,1.0,1.0,96.434525,751.18634,1.0,1.0,1.0,48.69524,39.734253,1.0
78.1162,1.0,1.0,69.67668,60.974483,43.754517,53.688362,1.0,1.0,78.511086,79.548164,62.227184,40.28374,63.395573,55.130127,1.0,1.0,98.11833,736.6579,1.0,1.0,1.0,47.3905,38.85134,1.0
79.8911,1.0,1.0,70.75712,61.957203,45.3854,56.15845,1.0,1.0,80.42855,81.492645,63.099545,40.950233,65.05871,56.28845,1.0,1.0,96.971924,752.0644,1.0,1.0,1.0,48.450382,39.480774,1.0
78.44607,1.0,1.0,69.93617,61.20345,43.980434,54.003162,1.0,1.0,78.84954,79.87892,62.450783,40.425385,63.65544,55.35208,1.0,1.0,98.40103,740.24713,1.0,1.0,1.0,47.58148,38.988976,1.0
79.37212,1.0,1.0,70.36454,61.629047,44.943516,55.52668,1.0,1.0,79.85464,80.84629,62.774853,40.63641,64.41991,55.90136,1.0,1.0,97.83565,751.28406,1.0,1.0,1.0,48.073147,39.196846,1.0
80.28281,1.0,1.0,70.8822,62.169827,45.66148,56.3815,1.0,1.0,80.85206,81.88749,63.169636,41.2432,65.59153,56.632504,1.0,1.0,95.6154,747.5366,1.0,1.0,1.0,48.714672,39.799065,1.0
79.02812,1.0,1.0,70.17124,61.44845,44.64242,55.085308,1.0,1.0,79.49128,80.4488,62.61606,40.527943,64.09688,55.691402,1.0,1.0,98.00487,748.4423,1.0,1.0,1.0,47.88082,39.09232,1.0
80.56189,1.0,1.0,71.06312,62.359,45.833664,56.55998,1.0,1.0,81.141075,82.171684,63.316746,41.41245,65.88228,56.848072,1.0,1.0,95.41373,747.7591,1.0,1.0,1.0,48.89033,39.971294,1.0
80.485756,1.0,1.0,70.85393,62.246998,45.82506,56.471554,1.0,1.0,81.08061,82.09007,63.102863,41.43982,65.95833,56.84111,1.0,1.0,94.15532,741.70953,1.0,1.0,1.0,48.865173,40.016037,1.0
79.178246,1.0,1.0,70.20306,61.491177,44.823692,55.36654,1.0,1.0,79.65609,80.64074,62.6356,40.54704,64.25265,55.768993,1.0,1.0,97.69757,749.58777,1.0,1.0,1.0,47.954967,39.110878,1.0
79.67449,1.0,1.0,70.58841,61.815926,45.21158,55.914215,1.0,1.0,80.19262,81.230484,62.958492,40.823696,64.80739,56.12925,1.0,1.0,97.224,751.4324,1.0,1.0,1.0,48.298367,39.36454,1.0
79.98252,1.0,1.0,70.742386,61.98882,45.46171,56.202087,1.0,1.0,80.53397,81.58356,63.069748,41.037067,65.22579,56.3831,1.0,1.0,96.28697,749.35376,1.0,1.0,1.0,48.518223,39.581165,1.0
80.413994,1.0,1.0,71.0421,62.289577,45.72184,56.482162,1.0,1.0,80.97779,82.02229,63.31926,41.289852,65.654755,56.709885,1.0,1.0,96.14378,750.4587,1.0,1.0,1.0,48.78698,39.835457,1.0
80.44065,1.0,1.0,70.88607,62.236523,45.785286,56.460236,1.0,1.0,81.02826,82.04718,63.14597,41.38249,65.85289,56.78567,1.0,1.0,94.68269,743.9543,1.0,1.0,1.0,48.827404,39.95451,1.0
80.49694,1.0,1.0,70.89417,62.264496,45.82584,56.488583,1.0,1.0,81.0889,82.103355,63.143723,41.430435,65.93921,56.838497,1.0,1.0,94.409645,742.92896,1.0,1.0,1.0,48.86732,40.00498,1.0
80.36776,1.0,1.0,70.81372,62.174458,45.74889,56.409912,1.0,1.0,80.956184,81.97414,63.079144,41.34865,65.80324,56.736828,1.0,1.0,94.519646,742.9313,1.0,1.0,1.0,48.785038,39.92512,1.0
75.61003,1.0,1.0,69.26801,60.81291,40.84609,48.79796,1.0,1.0,77.46019,78.96638,61.61572,40.747852,62.80075,54.525597,1.0,1.0,97.742455,663.205,1.0,1.0,1.0,47.163967,38.568314,1.0
73.58141,1.0,1.0,68.7249,60.729836,38.55583,45.114876,1.0,1.0,76.67147,78.51311,60.997887,41.079685,62.38952,54.124924,1.0,1.0,95.857346,592.6958,1.0,1.0,1.0,46.952496,38.34993,1.0
73.59954,1.0,1.0,69.73286,61.601315,36.66872,42.33766,1.0,1.0,77.04787,79.25625,62.475903,41.888073,63.13665,54.694088,1.0,1.0,95.26262,525.0227,1.0,1.0,1.0,47.406452,38.90472,1.0
75.85081,1.0,1.0,70.39267,61.94247,40.308712,47.587723,1.0,1.0,78.5751,80.33077,62.349804,41.75529,63.817375,55.283585,1.0,1.0,98.773285,637.41016,1.0,1.0,1.0,47.994198,39.071648,1.0
79.594894,1.0,1.0,70.97307,62.095905,44.596127,54.747,1.0,1.0,80.00195,81.06235,63.372246,41.009632,64.59027,56.154167,1.0,1.0,99.902405,751.11237,1.0,1.0,1.0,48.267017,39.557884,1.0
73.07688,1.0,1.0,70.641846,62.424618,33.3978,37.452347,1.0,1.0,76.88402,78.79753,63.23451,42.551212,63.87019,55.050148,1.0,1.0,91.9885,411.61862,1.0,1.0,1.0,47.457634,39.001823,1.0
76.4583,1.0,1.0,71.85637,63.500004,39.18198,45.584892,1.0,1.0,79.86234,81.9505,64.01503,43.04054,65.183426,56.485107,1.0,1.0,99.32997,585.362,1.0,1.0,1.0,48.98588,40.078915,1.0
77.89446,1.0,1.0,72.243805,63.563416,41.400024,48.910477,1.0,1.0,80.65981,82.45849,63.972836,42.828205,65.50361,56.73228,1.0,1.0,101.38779,656.2219,1.0,1.0,1.0,49.245064,40.07101,1.0
77.6156,1.0,1.0,72.23639,63.700737,40.923157,48.11935,1.0,1.0,80.63134,82.50815,64.02959,42.99421,65.5438,56.8054,1.0,1.0,101.05646,639.3098,1.0,1.0,1.0,49.285862,40.16851,1.0
77.60812,1.0,1.0,73.00555,64.52214,39.600056,46.03343,1.0,1.0,81.08699,83.23638,65.07591,43.74291,66.21483,57.373013,1.0,1.0,100.761215,588.9508,1.0,1.0,1.0,49.74818,40.704098,1.0
77.94292,1.0,1.0,73.42374,64.88928,39.553524,45.918987,1.0,1.0,81.46955,83.670906,65.51169,44.01328,66.57649,57.67809,1.0,1.0,101.10854,583.99347,1.0,1.0,1.0,50.00363,40.93125,1.0
78.52308,1.0,1.0,72.93088,64.24336,41.56882,49.00937,1.0,1.0,81.42654,83.280785,64.60111,43.319263,66.1597,57.314632,1.0,1.0,102.18151,654.734,1.0,1.0,1.0,49.73814,40.492447,1.0
77.655525,1.0,1.0,73.03202,64.550415,39.649845,46.099068,1.0,1.0,81.13195,83.27871,65.08864,43.760303,66.24716,57.401142,1.0,1.0,100.816956,590.1975,1.0,1.0,1.0,49.77272,40.72098,1.0
77.42225,1.0,1.0,73.27302,64.74733,38.61957,44.63493,1.0,1.0,81.033485,83.349144,65.58748,43.993645,66.37518,57.486286,1.0,1.0,100.1864,556.19415,1.0,1.0,1.0,49.814743,40.84307,1.0
78.55768,1.0,1.0,72.52729,63.779346,41.966587,49.7847,1.0,1.0,81.03784,82.768456,64.31102,42.88691,65.77742,57.012283,1.0,1.0,101.94397,671.23755,1.0,1.0,1.0,49.422718,40.270866,1.0
78.17176,1.0,1.0,72.26452,63.56065,41.70039,49.41028,1.0,1.0,80.72726,82.47282,64.053085,42.766705,65.53599,56.79208,1.0,1.0,101.5243,665.1771,1.0,1.0,1.0,49.25114,40.115753,1.0
77.89968,1.0,1.0,72.14813,63.477753,41.462757,49.043163,1.0,1.0,80.57462,82.34962,63.910786,42.74953,65.42866,56.681137,1.0,1.0,101.28155,658.7883,1.0,1.0,1.0,49.182564,40.03473,1.0
78.64437,1.0,1.0,71.3505,62.56586,42.9129,51.691322,1.0,1.0,79.92907,81.33429,63.636196,41.732475,64.736694,56.280445,1.0,1.0,100.99217,709.4949,1.0,1.0,1.0,48.539364,39.801197,1.0
78.76522,1.0,1.0,71.95015,63.163105,42.625294,51.045067,1.0,1.0,80.52045,82.05702,64.021835,42.26618,65.2728,56.676884,1.0,1.0,101.55498,695.8925,1.0,1.0,1.0,48.980076,40.061375,1.0
76.34541,1.0,1.0,70.63822,62.17968,40.67412,48.1378,1.0,1.0,78.90376,80.628456,62.58359,41.88535,64.089935,55.539234,1.0,1.0,99.115036,646.33685,1.0,1.0,1.0,48.185635,39.228107,1.0
65.28213,1.0,1.0,57.55353,50.49617,37.429867,46.01984,1.0,1.0,65.80554,66.653824,51.309006,33.731003,53.582417,46.18182,1.0,1.0,76.35625,599.4673,1.0,1.0,1.0,39.76561,32.6762,1.0
76.95133,1.0,1.0,72.19079,63.85248,39.601425,46.129425,1.0,1.0,80.33955,82.413345,64.223145,43.272655,65.55008,56.809864,1.0,1.0,99.917625,595.2626,1.0,1.0,1.0,49.2754,40.27132,1.0
66.51352,1.0,1.0,58.59335,51.435795,38.11495,46.85502,1.0,1.0,67.04402,67.9019,52.220356,34.374287,54.62077,47.05752,1.0,1.0,77.49973,609.5882,1.0,1.0,1.0,40.509163,33.28988,1.0
69.28834,1.0,1.0,62.3458,54.521427,38.41291,46.607635,1.0,1.0,69.848236,70.95419,55.773735,36.23527,56.535843,49.208237,1.0,1.0,88.4956,642.15326,1.0,1.0,1.0,42.359337,34.926933,1.0
76.71123,1.0,1.0,71.72624,63.458637,39.9407,46.65743,1.0,1.0,80.01257,81.9895,63.66479,42.9612,65.18317,56.506382,1.0,1.0,99.73952,609.5069,1.0,1.0,1.0,49.02878,40.024837,1.0
67.10572,1.0,1.0,58.789192,51.81016,38.488575,47.163082,1.0,1.0,67.66805,68.49813,52.32224,34.838154,55.40665,47.582943,1.0,1.0,75.65935,603.25226,1.0,1.0,1.0,40.9084,33.73703,1.0
69.51958,1.0,1.0,61.669083,53.9604,39.584164,48.87593,1.0,1.0,69.98485,70.89735,55.041576,35.681995,56.548046,49.018578,1.0,1.0,85.21595,655.4058,1.0,1.0,1.0,42.21424,34.48142,1.0
67.97194,1.0,1.0,60.755604,53.119617,38.15264,46.6847,1.0,1.0,68.32269,69.27356,54.301193,35.18482,55.23003,48.040943,1.0,1.0,85.66067,638.7558,1.0,1.0,1.0,41.339165,33.996086,1.0
76.50379,1.0,1.0,71.360435,63.087315,40.07404,46.943558,1.0,1.0,79.6586,81.57414,63.288925,42.660324,64.83,56.223145,1.0,1.0,99.47797,617.93945,1.0,1.0,1.0,48.76528,39.781193,1.0
68.82032,1.0,1.0,61.183098,53.515186,39.05318,48.126762,1.0,1.0,69.253716,70.10804,54.6356,35.36052,55.864197,48.54405,1.0,1.0,85.44963,650.8304,1.0,1.0,1.0,41.781372,34.189922,1.0
67.84419,1.0,1.0,60.758347,53.08918,37.959576,46.340244,1.0,1.0,68.17804,69.16872,54.32814,35.18115,55.142723,47.969997,1.0,1.0,85.95221,636.6439,1.0,1.0,1.0,41.276066,34.004314,1.0
76.50443,1.0,1.0,67.76852,59.35795,43.474583,53.758724,1.0,1.0,77.00739,78.02642,60.432667,39.254757,62.29363,53.925465,1.0,1.0,93.01442,719.7312,1.0,1.0,1.0,46.42214,37.849274,1.0
76.59243,1.0,1.0,67.845276,59.42189,43.530365,53.831207,1.0,1.0,77.09861,78.121216,60.500797,39.29886,62.371834,53.98669,1.0,1.0,93.07649,720.47986,1.0,1.0,1.0,46.476345,37.89288,1.0
76.54526,1.0,1.0,67.587135,59.293804,43.577633,53.787537,1.0,1.0,77.08543,78.08397,60.229942,39.373516,62.56624,54.024044,1.0,1.0,91.10044,711.67706,1.0,1.0,1.0,46.486023,37.995205,1.0
77.86173,1.0,1.0,69.331505,60.700447,43.740883,53.76972,1.0,1.0,78.27107,79.28099,61.884365,40.095848,63.18656,54.932102,1.0,1.0,97.31008,734.8002,1.0,1.0,1.0,47.224186,38.66384,1.0
78.03009,1.0,1.0,69.968285,61.217968,43.23155,52.648758,1.0,1.0,78.43859,79.64191,62.530994,40.551914,63.473255,55.216965,1.0,1.0,99.23781,728.8985,1.0,1.0,1.0,47.462036,39.074894,1.0
77.48106,1.0,1.0,68.86383,60.301365,43.70979,53.86863,1.0,1.0,77.92129,78.872,61.448284,39.80234,62.85084,54.631565,1.0,1.0,96.34123,732.92316,1.0,1.0,1.0,46.971344,38.39216,1.0
77.42962,1.0,1.0,68.62489,60.105007,43.911533,54.260002,1.0,1.0,77.91454,78.91003,61.21098,39.68101,62.920788,54.55357,1.0,1.0,94.984665,731.1228,1.0,1.0,1.0,46.93465,38.27552,1.0
77.488716,1.0,1.0,68.51898,60.052555,44.084385,54.472008,1.0,1.0,78.02646,79.05214,61.079025,39.796867,63.23584,54.647938,1.0,1.0,93.054276,724.47363,1.0,1.0,1.0,47.033268,38.394615,1.0
75.30838,1.0,1.0,65.758385,58.102345,43.03475,52.723984,1.0,1.0,75.9174,76.805504,58.454327,39.109993,62.27381,53.40715,1.0,1.0,83.652374,672.34564,1.0,1.0,1.0,45.850536,37.80043,1.0
75.43241,1.0,1.0,65.80078,58.187237,43.10911,52.786022,1.0,1.0,76.04766,76.92703,58.47755,39.209,62.43502,53.518883,1.0,1.0,83.28467,671.0606,1.0,1.0,1.0,45.934772,37.8926,1.0
79.817055,1.0,1.0,70.72401,61.9568,45.22604,55.900867,1.0,1.0,80.31098,81.332985,63.0733,40.88979,64.85316,56.224846,1.0,1.0,97.86856,753.8368,1.0,1.0,1.0,48.36284,39.42205,1.0
72.564865,1.0,1.0,62.96699,56.173016,41.37333,50.598213,1.0,1.0,73.10263,73.90351,55.935802,38.247486,60.513184,51.8084,1.0,1.0,77.51001,631.5224,1.0,1.0,1.0,44.39192,36.710064,1.0
75.704185,1.0,1.0,66.00959,58.390045,43.264057,52.96457,1.0,1.0,76.32403,77.20322,58.65632,39.36146,62.68411,53.71873,1.0,1.0,83.376595,672.5402,1.0,1.0,1.0,46.101124,38.038536,1.0
77.52181,1.0,1.0,67.967285,59.85858,44.245525,54.35265,1.0,1.0,78.130165,79.07777,60.473106,40.081844,63.83214,54.85947,1.0,1.0,88.31643,703.01196,1.0,1.0,1.0,47.134636,38.742565,1.0
77.38288,1.0,1.0,70.92265,62.26639,41.75565,49.86959,1.0,1.0,79.3128,80.869736,63.06608,41.719204,64.30325,55.81487,1.0,1.0,100.057045,677.88745,1.0,1.0,1.0,48.280415,39.46456,1.0
76.634636,1.0,1.0,70.911194,62.35812,40.87665,48.39831,1.0,1.0,79.18856,80.90722,62.855732,41.972183,64.285,55.70811,1.0,1.0,99.64131,650.9525,1.0,1.0,1.0,48.32524,39.368435,1.0
75.892555,1.0,1.0,70.92552,62.686787,39.6711,46.386932,1.0,1.0,79.1287,81.05103,62.95345,42.40391,64.40499,55.84779,1.0,1.0,98.85421,608.5443,1.0,1.0,1.0,48.44907,39.569504,1.0
76.244804,1.0,1.0,71.844925,63.484013,38.70351,44.921967,1.0,1.0,79.69804,81.84818,64.12033,43.070114,65.13188,56.43278,1.0,1.0,98.933525,570.7311,1.0,1.0,1.0,48.92964,40.066887,1.0
79.57458,1.0,1.0,72.1351,63.228138,43.46303,52.401047,1.0,1.0,80.812416,82.21243,64.36146,42.14088,65.43064,56.89224,1.0,1.0,102.19185,720.46,1.0,1.0,1.0,49.04958,40.232986,1.0
79.59914,1.0,1.0,71.42178,62.481243,44.049984,53.62095,1.0,1.0,80.06721,81.29895,63.836704,41.388264,64.77516,56.351986,1.0,1.0,101.36439,742.9341,1.0,1.0,1.0,48.43925,39.868484,1.0
77.74252,1.0,1.0,68.254,60.05044,44.35722,54.53673,1.0,1.0,78.345695,79.30744,60.750908,40.141747,63.924232,54.980335,1.0,1.0,89.31542,708.57996,1.0,1.0,1.0,47.2508,38.80249,1.0
80.034775,1.0,1.0,71.28946,62.399834,44.91041,55.20474,1.0,1.0,80.454124,81.48827,63.642067,41.195156,64.93074,56.451763,1.0,1.0,100.178406,755.92395,1.0,1.0,1.0,48.521263,39.725197,1.0
79.96067,1.0,1.0,70.824394,62.02477,45.394726,56.15731,1.0,1.0,80.487206,81.54301,63.159725,40.980583,65.07954,56.334713,1.0,1.0,97.28687,753.2877,1.0,1.0,1.0,48.4818,39.509,1.0
79.99766,1.0,1.0,70.8513,62.04632,45.42999,56.208946,1.0,1.0,80.529396,81.592094,63.180866,41.00428,65.13022,56.362766,1.0,1.0,97.19136,753.249,1.0,1.0,1.0,48.51035,39.53009,1.0
80.06873,1.0,1.0,71.59718,62.638187,44.563778,54.48838,1.0,1.0,80.42393,81.571915,63.959953,41.418087,65.016556,56.54424,1.0,1.0,101.272644,752.69867,1.0,1.0,1.0,48.593143,39.92603,1.0
79.86561,1.0,1.0,71.54374,62.580803,44.28729,54.008698,1.0,1.0,80.20565,81.40991,63.9331,41.408184,64.88692,56.44003,1.0,1.0,101.48366,748.7476,1.0,1.0,1.0,48.49625,39.91918,1.0
79.78543,1.0,1.0,71.6725,62.73044,44.063267,53.566303,1.0,1.0,80.35853,81.604706,64.067825,41.59491,65.01109,56.572147,1.0,1.0,101.739746,741.8162,1.0,1.0,1.0,48.644554,40.017914,1.0
80.50576,1.0,1.0,71.689,62.750763,45.19134,55.568077,1.0,1.0,80.93017,81.96805,63.989464,41.422115,65.31179,56.77688,1.0,1.0,100.68863,760.56555,1.0,1.0,1.0,48.799793,39.94243,1.0
70.60163,1.0,1.0,61.15193,54.776394,40.180096,49.12939,1.0,1.0,71.07654,71.80381,54.329994,37.460163,59.001175,50.540188,1.0,1.0,74.55902,609.20294,1.0,1.0,1.0,43.286217,35.817314,1.0
80.52043,1.0,1.0,71.32362,62.45628,45.69909,56.529854,1.0,1.0,81.04821,82.111,63.599953,41.255108,65.52174,56.72127,1.0,1.0,98.06584,758.943,1.0,1.0,1.0,48.8105,39.77707,1.0
77.59063,1.0,1.0,70.21178,61.51008,42.515015,51.334854,1.0,1.0,78.668755,79.99526,62.70254,40.963272,63.675087,55.391674,1.0,1.0,99.57172,706.73865,1.0,1.0,1.0,47.732906,39.20039,1.0
80.34035,1.0,1.0,71.64611,62.70158,44.964977,55.181076,1.0,1.0,80.741264,81.817566,63.969543,41.414097,65.1991,56.686226,1.0,1.0,100.878365,757.6897,1.0,1.0,1.0,48.719864,39.93088,1.0
79.143486,1.0,1.0,69.48586,61.140675,45.124897,55.498013,1.0,1.0,79.7508,80.72598,61.8428,40.852932,65.057014,55.9627,1.0,1.0,91.00961,721.8937,1.0,1.0,1.0,48.090263,39.474503,1.0
80.44752,1.0,1.0,71.51309,62.616665,45.316036,55.84968,1.0,1.0,80.89854,81.88273,63.81371,41.305874,65.23792,56.70787,1.0,1.0,100.147026,761.5123,1.0,1.0,1.0,48.74397,39.832146,1.0
79.84117,1.0,1.0,71.810074,62.87223,44.012352,53.43,1.0,1.0,80.521996,81.78461,64.19783,41.731335,65.14445,56.699223,1.0,1.0,101.95372,739.5063,1.0,1.0,1.0,48.770737,40.105747,1.0
79.91585,1.0,1.0,71.83593,62.884644,44.0908,53.56051,1.0,1.0,80.54696,81.80389,64.21756,41.719112,65.16383,56.71094,1.0,1.0,101.981995,741.53864,1.0,1.0,1.0,48.772465,40.114006,1.0
79.89697,1.0,1.0,71.99971,63.059963,43.929237,53.223064,1.0,1.0,80.73554,82.02837,64.36522,41.912296,65.32085,56.85821,1.0,1.0,102.233246,735.8541,1.0,1.0,1.0,48.933903,40.21775,1.0
80.01287,1.0,1.0,72.334435,63.384895,43.82751,52.960896,1.0,1.0,81.07217,82.42727,64.59451,42.19112,65.618965,57.085007,1.0,1.0,102.57777,730.09247,1.0,1.0,1.0,49.17555,40.368813,1.0
79.996254,1.0,1.0,72.58599,63.642513,43.62913,52.55887,1.0,1.0,81.309654,82.73479,64.73872,42.436234,65.84195,57.24099,1.0,1.0,102.78098,722.00055,1.0,1.0,1.0,49.36392,40.46947,1.0
80.03914,1.0,1.0,72.55618,63.604603,43.703106,52.68967,1.0,1.0,81.28805,82.697464,64.73189,42.39201,65.817245,57.227367,1.0,1.0,102.77594,724.4514,1.0,1.0,1.0,49.338104,40.46294,1.0
80.040886,1.0,1.0,72.556,63.604164,43.70532,52.693424,1.0,1.0,81.288124,82.697105,64.73227,42.391205,65.817085,57.227474,1.0,1.0,102.77677,724.52106,1.0,1.0,1.0,49.337826,40.46309,1.0
80.04385,1.0,1.0,72.375725,63.420948,43.83686,52.96342,1.0,1.0,81.11688,82.47802,64.62607,42.21909,65.65792,57.114643,1.0,1.0,102.62478,729.978,1.0,1.0,1.0,49.203644,40.389942,1.0
79.56582,1.0,1.0,70.43834,61.685543,45.218807,55.934464,1.0,1.0,80.106895,81.16985,62.804592,40.797276,64.83208,56.06797,1.0,1.0,96.2981,747.718,1.0,1.0,1.0,48.259613,39.3442,1.0
80.248505,1.0,1.0,71.58129,62.639484,44.895542,55.076553,1.0,1.0,80.64515,81.73095,63.913563,41.378407,65.130356,56.624958,1.0,1.0,100.82327,756.5897,1.0,1.0,1.0,48.66724,39.898624,1.0
80.2387,1.0,1.0,71.137115,62.313633,45.40241,56.082253,1.0,1.0,80.71827,81.72051,63.456776,41.08765,65.11223,56.511967,1.0,1.0,98.99786,759.583,1.0,1.0,1.0,48.589184,39.625328,1.0
72.82766,1.0,1.0,63.224182,56.35129,41.540302,50.805214,1.0,1.0,73.37641,74.18699,56.16746,38.32754,60.69413,51.963425,1.0,1.0,78.019554,635.1144,1.0,1.0,1.0,44.531677,36.820774,1.0
79.05978,1.0,1.0,69.54719,61.12138,45.05011,55.477203,1.0,1.0,79.653046,80.64489,61.924805,40.744328,64.857956,55.858387,1.0,1.0,92.00659,726.14246,1.0,1.0,1.0,48.020115,39.359295,1.0
79.30513,1.0,1.0,69.69104,61.29233,45.195915,55.622528,1.0,1.0,79.90438,80.8874,62.038643,40.906258,65.12297,56.05633,1.0,1.0,91.72917,725.8043,1.0,1.0,1.0,48.178722,39.515366,1.0
79.49357,1.0,1.0,71.16924,62.250736,44.146225,53.887535,1.0,1.0,79.82899,81.00343,63.59364,41.184254,64.568665,56.160786,1.0,1.0,100.8642,746.21027,1.0,1.0,1.0,48.263912,39.701996,1.0
79.79171,1.0,1.0,72.3456,63.428577,43.55518,52.502,1.0,1.0,81.049644,82.45551,64.540955,42.280907,65.626335,57.06359,1.0,1.0,102.46715,721.6648,1.0,1.0,1.0,49.20081,40.3462,1.0
79.52149,1.0,1.0,72.88225,64.011185,42.85271,51.176666,1.0,1.0,81.52032,83.12722,64.78482,42.88735,66.099434,57.365295,1.0,1.0,102.77346,695.8257,1.0,1.0,1.0,49.619183,40.532547,1.0
78.316505,1.0,1.0,72.5426,63.820652,41.67663,49.295326,1.0,1.0,81.01123,82.794136,64.26053,42.976086,65.77855,56.983578,1.0,1.0,101.852875,662.3763,1.0,1.0,1.0,49.444862,40.245342,1.0
78.15957,1.0,1.0,74.29467,65.64329,38.341564,44.11664,1.0,1.0,81.93244,84.32317,66.627014,44.637917,67.26546,58.21983,1.0,1.0,100.81354,539.26697,1.0,1.0,1.0,50.419037,41.36991,1.0
68.01071,1.0,1.0,58.94746,52.763943,38.77111,47.389847,1.0,1.0,68.49046,69.20099,52.385345,36.076145,56.828842,48.68601,1.0,1.0,71.98811,587.3429,1.0,1.0,1.0,41.712444,34.529964,1.0
68.43562,1.0,1.0,59.449554,52.971523,39.117157,47.813732,1.0,1.0,68.97334,69.74231,52.834427,36.04634,57.04545,48.85437,1.0,1.0,73.41345,596.59344,1.0,1.0,1.0,41.885128,34.65717,1.0
77.627975,1.0,1.0,74.65973,65.96704,36.380154,41.22395,1.0,1.0,81.67254,83.84611,66.945076,44.866848,67.55472,58.313164,1.0,1.0,98.75418,473.70023,1.0,1.0,1.0,50.323936,41.321087,1.0
65.408844,1.0,1.0,56.868427,50.62408,37.452282,45.760277,1.0,1.0,65.934746,66.67607,50.55802,34.431656,54.493507,46.68458,1.0,1.0,70.42677,570.979,1.0,1.0,1.0,40.047737,33.1485,1.0
65.63982,1.0,1.0,57.41417,50.67857,37.683548,46.11545,1.0,1.0,66.2095,67.00949,51.088303,34.14846,54.292667,46.594414,1.0,1.0,73.2626,586.23364,1.0,1.0,1.0,40.042683,33.065605,1.0
76.85615,1.0,1.0,72.36159,63.954617,39.0951,45.403507,1.0,1.0,80.319275,82.47571,64.543594,43.38214,65.62546,56.86078,1.0,1.0,99.71206,578.4007,1.0,1.0,1.0,49.300102,40.3531,1.0
67.031654,1.0,1.0,58.42379,51.769142,38.425945,46.975853,1.0,1.0,67.59306,68.36638,51.95178,34.987972,55.610413,47.66702,1.0,1.0,73.41425,591.9699,1.0,1.0,1.0,40.92701,33.838123,1.0
69.920746,1.0,1.0,61.241383,53.98706,40.052223,49.096424,1.0,1.0,70.507095,71.36765,54.500187,36.269077,57.70834,49.56085,1.0,1.0,78.87993,629.2831,1.0,1.0,1.0,42.590263,35.09913,1.0
77.05908,1.0,1.0,71.41663,62.844574,40.990986,48.451565,1.0,1.0,79.745544,81.51448,63.251495,42.346596,64.76813,56.106857,1.0,1.0,100.21033,650.06433,1.0,1.0,1.0,48.69627,39.63076,1.0
68.59279,1.0,1.0,59.894817,52.930607,39.330124,48.11319,1.0,1.0,69.1833,70.00488,53.260334,35.698574,56.79855,48.698364,1.0,1.0,75.89574,609.9912,1.0,1.0,1.0,41.82598,34.545074,1.0
70.441635,1.0,1.0,61.366905,54.385372,40.323902,49.31895,1.0,1.0,71.02465,71.83484,54.552444,36.73619,58.434784,50.0719,1.0,1.0,77.06302,622.3616,1.0,1.0,1.0,42.97384,35.514156,1.0
72.75612,1.0,1.0,64.4311,56.40337,41.47172,51.232815,1.0,1.0,73.27193,74.244576,57.47908,37.36624,59.33605,51.31436,1.0,1.0,87.897224,682.0927,1.0,1.0,1.0,44.190308,36.089386,1.0
73.431625,1.0,1.0,64.65781,56.780262,41.94515,51.6188,1.0,1.0,73.99989,74.93813,57.605225,37.872643,60.246338,51.90291,1.0,1.0,85.6808,674.78455,1.0,1.0,1.0,44.64433,36.625732,1.0
71.33399,1.0,1.0,63.781742,55.75548,39.952366,48.87602,1.0,1.0,71.69366,72.69097,57.01157,36.900436,57.939404,50.398907,1.0,1.0,90.07085,671.0564,1.0,1.0,1.0,43.349323,35.641903,1.0
72.049355,1.0,1.0,63.85281,55.85943,41.083565,50.767197,1.0,1.0,72.56299,73.53337,56.976536,36.98186,58.725666,50.80209,1.0,1.0,87.36738,676.9456,1.0,1.0,1.0,43.75866,35.731026,1.0
70.11848,1.0,1.0,63.777153,55.873478,38.353928,46.098225,1.0,1.0,71.366264,72.63945,56.91135,37.333965,57.812027,50.265186,1.0,1.0,90.30253,629.9913,1.0,1.0,1.0,43.398502,35.644894,1.0
69.3889,1.0,1.0,62.06082,54.226044,38.916206,47.60459,1.0,1.0,69.75157,70.71906,55.4869,35.89444,56.36202,49.028522,1.0,1.0,87.65587,652.9514,1.0,1.0,1.0,42.180965,34.697018,1.0
66.34414,1.0,1.0,61.895477,54.59473,35.047623,41.073574,1.0,1.0,69.02233,70.638756,54.955975,36.945316,56.1511,48.715244,1.0,1.0,86.47819,540.40546,1.0,1.0,1.0,42.29243,34.58359,1.0
67.22495,1.0,1.0,61.966953,54.388367,36.25237,43.064518,1.0,1.0,69.189384,70.61931,55.07149,36.5794,56.14455,48.71124,1.0,1.0,87.28961,579.90076,1.0,1.0,1.0,42.22797,34.547127,1.0
69.65374,1.0,1.0,65.96246,58.24327,34.87517,40.279293,1.0,1.0,72.89801,74.966896,59.101692,39.618042,59.72262,51.748447,1.0,1.0,90.202774,500.02728,1.0,1.0,1.0,44.86336,36.849983,1.0
65.17325,1.0,1.0,59.864292,52.491005,35.35538,42.13296,1.0,1.0,66.861465,68.1861,53.286583,35.250973,54.227875,47.085827,1.0,1.0,84.48192,569.1382,1.0,1.0,1.0,40.781254,33.432602,1.0
70.35493,1.0,1.0,67.692856,59.781128,33.119804,37.516266,1.0,1.0,74.020454,75.954094,60.73657,40.68915,61.21927,52.872883,1.0,1.0,89.59954,430.1721,1.0,1.0,1.0,45.650814,37.534622,1.0
64.027405,1.0,1.0,60.396652,53.322723,32.68416,37.883236,1.0,1.0,66.92241,68.7081,53.98726,36.254353,54.71882,47.45146,1.0,1.0,83.145706,477.83038,1.0,1.0,1.0,41.177147,33.816757,1.0
69.76096,1.0,1.0,67.487915,59.618824,31.85211,35.66588,1.0,1.0,73.39463,75.19271,60.419514,40.658916,60.999207,52.577198,1.0,1.0,87.73726,389.38635,1.0,1.0,1.0,45.32564,37.27728,1.0
66.32037,1.0,1.0,63.7846,56.32159,31.414076,35.6196,1.0,1.0,69.77448,71.59155,57.262333,38.351265,57.677887,49.84501,1.0,1.0,84.62197,409.8734,1.0,1.0,1.0,43.060375,35.429146,1.0
71.26283,1.0,1.0,68.690445,60.672924,33.178875,37.443733,1.0,1.0,74.974396,76.89329,61.57835,41.317974,62.110256,53.60232,1.0,1.0,90.369774,422.8121,1.0,1.0,1.0,46.25469,38.025146,1.0
68.79368,1.0,1.0,66.2927,58.54569,32.15488,36.31257,1.0,1.0,72.377014,74.22798,59.451763,39.877567,59.938164,51.74554,1.0,1.0,87.34093,411.03763,1.0,1.0,1.0,44.665344,36.735565,1.0
72.66494,1.0,1.0,63.302753,56.093502,41.550293,50.835346,1.0,1.0,73.255394,74.08737,56.261467,37.867508,60.25057,51.63005,1.0,1.0,79.576775,642.71185,1.0,1.0,1.0,44.30366,36.58978,1.0
71.61909,1.0,1.0,62.209282,55.407288,40.88703,49.997776,1.0,1.0,72.171715,72.97913,55.272156,37.6598,59.663208,51.08641,1.0,1.0,76.9276,625.4477,1.0,1.0,1.0,43.788612,36.20896,1.0
74.84849,1.0,1.0,65.600815,57.79657,42.77216,52.501255,1.0,1.0,75.45102,76.36883,58.37521,38.743656,61.680748,52.998245,1.0,1.0,84.98662,677.03796,1.0,1.0,1.0,45.535267,37.462143,1.0
74.2349,1.0,1.0,65.05522,57.32252,42.43224,52.07518,1.0,1.0,74.83437,75.743614,57.890156,38.438026,61.187866,52.571842,1.0,1.0,84.20562,670.98267,1.0,1.0,1.0,45.16952,37.169228,1.0
74.03865,1.0,1.0,64.96484,57.19087,42.312965,51.965187,1.0,1.0,74.63012,75.545135,57.829464,38.29714,60.950905,52.4063,1.0,1.0,84.61568,672.16095,1.0,1.0,1.0,45.041546,37.03405,1.0
71.951546,1.0,1.0,63.361774,55.65039,41.115738,50.590828,1.0,1.0,72.5089,73.42148,56.461525,37.13042,59.03376,50.87002,1.0,1.0,83.9671,660.939,1.0,1.0,1.0,43.761578,35.908295,1.0
72.32705,1.0,1.0,63.875248,56.003365,41.281727,50.896637,1.0,1.0,72.86491,73.80015,56.957695,37.23078,59.15868,51.071846,1.0,1.0,85.909836,671.3622,1.0,1.0,1.0,43.959194,35.988815,1.0
71.906944,1.0,1.0,64.124054,56.08868,40.468502,49.689407,1.0,1.0,72.30292,73.22945,57.293385,37.07686,58.361473,50.76392,1.0,1.0,90.172295,678.5913,1.0,1.0,1.0,43.66518,35.80726,1.0
71.52726,1.0,1.0,64.10642,56.034332,39.845554,48.592094,1.0,1.0,71.85022,72.89887,57.332066,37.115894,58.118774,50.575314,1.0,1.0,90.91275,671.0062,1.0,1.0,1.0,43.495773,35.83421,1.0
75.23347,1.0,1.0,67.21903,58.79012,42.082096,51.529312,1.0,1.0,75.604225,76.63982,60.06339,38.875908,61.083084,53.128983,1.0,1.0,94.88367,708.3368,1.0,1.0,1.0,45.680737,37.51635,1.0
75.84776,1.0,1.0,67.716125,59.231754,42.47906,52.072754,1.0,1.0,76.23121,77.25257,60.497303,39.152035,61.56658,53.546856,1.0,1.0,95.472885,714.844,1.0,1.0,1.0,46.03951,37.781002,1.0
72.084015,1.0,1.0,66.75931,58.694607,38.504475,45.54846,1.0,1.0,74.51889,76.139565,59.19286,39.541733,60.50444,52.440464,1.0,1.0,93.80727,611.1809,1.0,1.0,1.0,45.512142,37.108112,1.0
71.4394,1.0,1.0,66.6785,58.87658,37.554195,43.989784,1.0,1.0,74.3785,76.14106,59.178776,39.821514,60.509094,52.49155,1.0,1.0,93.09681,579.0228,1.0,1.0,1.0,45.54997,37.205566,1.0
71.70485,1.0,1.0,68.157455,60.197117,35.36281,40.69786,1.0,1.0,75.154854,77.316734,61.14774,40.961628,61.677567,53.41412,1.0,1.0,92.63885,497.74295,1.0,1.0,1.0,46.28829,38.020676,1.0
72.45649,1.0,1.0,68.597046,60.597992,36.23733,41.870125,1.0,1.0,75.83346,77.980736,61.42809,41.200783,62.115673,53.81809,1.0,1.0,93.83981,521.019,1.0,1.0,1.0,46.65576,38.28545,1.0
77.85126,1.0,1.0,69.79645,61.040707,43.17023,52.601074,1.0,1.0,78.225685,79.41142,62.391575,40.407837,63.282776,55.05534,1.0,1.0,99.05955,728.8002,1.0,1.0,1.0,47.31731,38.96673,1.0
77.837494,1.0,1.0,70.14236,61.416637,42.84615,51.912106,1.0,1.0,78.639496,79.89057,62.72559,40.823566,63.621506,55.38829,1.0,1.0,99.63204,717.5121,1.0,1.0,1.0,47.671978,39.201515,1.0
80.673134,1.0,1.0,70.91346,62.348072,45.95779,56.57874,1.0,1.0,81.281654,82.28365,63.131886,41.58109,66.21668,57.004818,1.0,1.0,93.511345,739.54645,1.0,1.0,1.0,48.9915,40.167015,1.0
79.61355,1.0,1.0,69.70714,61.44748,45.419044,55.766464,1.0,1.0,80.24207,81.204124,61.999043,41.185043,65.620865,56.35578,1.0,1.0,90.04852,719.275,1.0,1.0,1.0,48.397453,39.79975,1.0
80.070946,1.0,1.0,70.214264,61.827194,45.659203,56.116703,1.0,1.0,80.69436,81.67222,62.47198,41.361813,65.894035,56.64022,1.0,1.0,91.414856,727.4711,1.0,1.0,1.0,48.6564,39.96795,1.0
80.55485,1.0,1.0,70.77879,62.245453,45.89961,56.489906,1.0,1.0,81.16668,82.163826,63.004192,41.536655,66.15196,56.932224,1.0,1.0,93.11387,737.24725,1.0,1.0,1.0,48.925285,40.12767,1.0
80.08986,1.0,1.0,70.23476,61.845352,45.66671,56.128918,1.0,1.0,80.71212,81.689354,62.49059,41.371113,65.90481,56.653004,1.0,1.0,91.47102,727.787,1.0,1.0,1.0,48.667774,39.974686,1.0
79.9398,1.0,1.0,70.04997,61.71608,45.59037,56.007713,1.0,1.0,80.56518,81.53442,62.315094,41.32306,65.832016,56.566135,1.0,1.0,90.87778,724.4183,1.0,1.0,1.0,48.586185,39.92856,1.0
80.86609,1.0,1.0,71.12394,62.516613,46.05012,56.718918,1.0,1.0,81.4696,82.47792,63.324863,41.662033,66.33134,57.126972,1.0,1.0,94.0854,742.89966,1.0,1.0,1.0,49.101685,40.234985,1.0
80.881004,1.0,1.0,71.629906,62.723232,45.928314,56.83333,1.0,1.0,81.42109,82.49825,63.870235,41.44787,65.85466,56.978718,1.0,1.0,98.21318,761.6039,1.0,1.0,1.0,49.039616,39.956676,1.0
80.50927,1.0,1.0,71.43015,62.563198,45.499874,56.176613,1.0,1.0,80.98359,81.972206,63.725307,41.251774,65.30942,56.715084,1.0,1.0,99.59995,762.42566,1.0,1.0,1.0,48.75854,39.781975,1.0
80.02424,1.0,1.0,71.38421,62.46532,44.776894,54.934578,1.0,1.0,80.42257,81.49889,63.74168,41.261356,64.94466,56.467323,1.0,1.0,100.55441,754.6162,1.0,1.0,1.0,48.532772,39.787785,1.0
73.61216,1.0,1.0,69.83302,61.687912,36.50223,42.09154,1.0,1.0,77.09614,79.32961,62.60994,41.962452,63.21543,54.753742,1.0,1.0,95.20037,519.0041,1.0,1.0,1.0,47.45218,38.956383,1.0
78.87589,1.0,1.0,71.05121,62.214634,43.41538,52.61752,1.0,1.0,79.67022,80.936714,63.5344,41.344337,64.454994,56.109787,1.0,1.0,100.91681,727.6166,1.0,1.0,1.0,48.28573,39.703,1.0
79.04258,1.0,1.0,69.22656,61.011993,45.099987,55.378906,1.0,1.0,79.665764,80.62402,61.576656,40.8863,65.13756,55.94917,1.0,1.0,89.53279,714.6405,1.0,1.0,1.0,48.053394,39.514088,1.0
80.5251,1.0,1.0,71.012115,62.316784,45.823246,56.536247,1.0,1.0,81.1077,82.14184,63.26299,41.399067,65.87518,56.82539,1.0,1.0,95.20639,746.6938,1.0,1.0,1.0,48.869755,39.965683,1.0
80.345604,1.0,1.0,71.247116,62.40061,45.45597,56.143238,1.0,1.0,80.82746,81.82816,63.558628,41.141697,65.19348,56.586666,1.0,1.0,99.20266,760.80054,1.0,1.0,1.0,48.6526,39.682922,1.0
79.58991,1.0,1.0,72.11351,63.211826,43.489647,52.454384,1.0,1.0,80.79525,82.18343,64.35252,42.120872,65.41262,56.884724,1.0,1.0,102.17806,721.52106,1.0,1.0,1.0,49.036358,40.2254,1.0
79.01386,1.0,1.0,72.15144,63.32619,42.782516,51.258263,1.0,1.0,80.74286,82.26683,64.22165,42.35498,65.43573,56.829323,1.0,1.0,101.91,699.5468,1.0,1.0,1.0,49.102894,40.169556,1.0
76.488976,1.0,1.0,66.69155,58.986324,43.711792,53.513206,1.0,1.0,77.123375,78.017494,59.25945,39.752438,63.335243,54.26814,1.0,1.0,84.24003,679.72626,1.0,1.0,1.0,46.56709,38.421215,1.0
77.15843,1.0,1.0,74.64182,65.97467,34.971455,39.1334,1.0,1.0,81.17707,83.2034,66.77171,44.968704,67.504364,58.139786,1.0,1.0,96.8134,426.2374,1.0,1.0,1.0,50.087727,41.139442,1.0
65.83412,1.0,1.0,57.001842,51.157276,37.496227,45.822704,1.0,1.0,66.265755,66.91552,50.668972,35.08264,55.078773,47.21419,1.0,1.0,69.19875,565.27655,1.0,1.0,1.0,40.4473,33.501007,1.0
63.767048,1.0,1.0,55.71541,49.216373,36.650738,44.805073,1.0,1.0,64.32796,65.09945,49.561363,33.233887,52.82631,45.302948,1.0,1.0,70.58914,566.3737,1.0,1.0,1.0,38.935368,32.19253,1.0
77.220726,1.0,1.0,67.55858,59.5833,44.109665,54.10906,1.0,1.0,77.8493,78.784225,60.08195,39.993298,63.726738,54.694855,1.0,1.0,86.82688,694.9405,1.0,1.0,1.0,46.96813,38.669624,1.0
77.00943,1.0,1.0,74.74555,66.08611,34.227318,38.005043,1.0,1.0,81.02252,82.9704,66.76843,45.09949,67.58014,58.130955,1.0,1.0,95.86461,400.03592,1.0,1.0,1.0,50.031704,41.09556,1.0
66.01889,1.0,1.0,57.625713,50.944252,37.899754,46.334396,1.0,1.0,66.5922,67.38001,51.241875,34.407654,54.717167,46.90411,1.0,1.0,72.76001,585.251,1.0,1.0,1.0,40.294914,33.313026,1.0
77.35605,1.0,1.0,74.80843,66.12036,35.126015,39.33665,1.0,1.0,81.38579,83.42378,66.928825,45.060772,67.65588,58.27738,1.0,1.0,97.14091,429.89838,1.0,1.0,1.0,50.210823,41.238697,1.0
78.69195,1.0,1.0,69.05233,60.7789,44.886253,55.1776,1.0,1.0,79.30526,80.272804,61.4529,40.63917,64.72667,55.657608,1.0,1.0,90.18208,716.3164,1.0,1.0,1.0,47.822906,39.275417,1.0
77.31082,1.0,1.0,74.98688,66.29967,34.483818,38.34813,1.0,1.0,81.338036,83.31152,67.000626,45.235767,67.806076,58.33876,1.0,1.0,96.37156,406.36606,1.0,1.0,1.0,50.21941,41.246624,1.0
66.399734,1.0,1.0,58.107983,51.246616,38.119057,46.6657,1.0,1.0,66.977684,67.79815,51.70284,34.50681,54.89887,47.111305,1.0,1.0,74.31327,594.2688,1.0,1.0,1.0,40.49175,33.429405,1.0
76.7635,1.0,1.0,74.41862,65.78595,34.372578,38.276398,1.0,1.0,80.763725,82.72912,66.51344,44.874863,67.28776,57.90775,1.0,1.0,95.84438,408.1037,1.0,1.0,1.0,49.857693,40.954617,1.0
75.74746,1.0,1.0,66.80703,58.599785,43.206055,53.256588,1.0,1.0,76.3191,77.29474,59.535778,38.976162,62.014645,53.47964,1.0,1.0,89.37794,701.0843,1.0,1.0,1.0,46.01019,37.681244,1.0
76.26194,1.0,1.0,74.14524,65.56706,33.570564,37.12568,1.0,1.0,80.23701,82.12784,66.18473,44.776573,67.02785,57.621456,1.0,1.0,94.559135,383.56284,1.0,1.0,1.0,49.57227,40.722122,1.0
76.47299,1.0,1.0,74.284744,65.68509,33.838142,37.502186,1.0,1.0,80.458694,82.37347,66.33447,44.84134,67.1582,57.753017,1.0,1.0,95.022,391.3089,1.0,1.0,1.0,49.697742,40.823322,1.0
76.45867,1.0,1.0,74.18696,65.591995,34.062477,37.8528,1.0,1.0,80.44363,82.38179,66.28043,44.758995,67.07579,57.707558,1.0,1.0,95.2644,399.8522,1.0,1.0,1.0,49.67527,40.804604,1.0
79.67216,1.0,1.0,71.4698,62.529316,44.095882,53.690453,1.0,1.0,80.12109,81.34764,63.87849,41.413715,64.81858,56.392525,1.0,1.0,101.425606,743.98627,1.0,1.0,1.0,48.47107,39.892273,1.0
70.048096,1.0,1.0,60.9134,54.154915,40.049213,48.970516,1.0,1.0,70.604454,71.403114,54.133995,36.745667,58.282413,49.916634,1.0,1.0,75.69476,613.8939,1.0,1.0,1.0,42.810795,35.40354,1.0
69.97378,1.0,1.0,60.813015,54.12341,39.989838,48.894638,1.0,1.0,70.52392,71.31704,54.040985,36.775272,58.274483,49.90361,1.0,1.0,75.32041,611.68207,1.0,1.0,1.0,42.78919,35.39234,1.0
74.540665,1.0,1.0,65.2762,57.540115,42.60977,52.272873,1.0,1.0,75.14454,76.0571,58.072075,38.613052,61.48272,52.79962,1.0,1.0,84.19395,672.12445,1.0,1.0,1.0,45.35831,37.340626,1.0
70.86956,1.0,1.0,61.741325,54.709213,40.56044,49.612453,1.0,1.0,71.45132,72.266304,54.882915,36.94975,58.78156,50.3692,1.0,1.0,77.55334,626.32367,1.0,1.0,1.0,43.230026,35.721996,1.0
71.37483,1.0,1.0,62.19114,55.091816,40.845882,49.96596,1.0,1.0,71.96237,72.78574,55.2804,37.197678,59.187187,50.716576,1.0,1.0,78.18248,631.27313,1.0,1.0,1.0,43.528294,35.962593,1.0
70.36887,1.0,1.0,61.521275,54.30077,40.316086,49.370365,1.0,1.0,70.96566,71.81971,54.717327,36.555027,58.184944,49.915974,1.0,1.0,78.487206,629.1602,1.0,1.0,1.0,42.877136,35.376358,1.0
69.22358,1.0,1.0,60.54797,53.42253,39.680347,48.593025,1.0,1.0,69.813095,70.65921,53.860443,35.959282,57.226482,49.10344,1.0,1.0,77.37072,619.50464,1.0,1.0,1.0,42.187572,34.809063,1.0
75.04409,1.0,1.0,66.15605,58.05682,42.81198,52.747314,1.0,1.0,75.60653,76.570526,58.951115,38.64825,61.472546,53.004333,1.0,1.0,88.28473,693.12964,1.0,1.0,1.0,45.597294,37.35628,1.0
72.40408,1.0,1.0,63.399853,55.884377,41.437763,50.80955,1.0,1.0,73.00402,73.89579,56.406555,37.52953,59.753067,51.30366,1.0,1.0,81.62314,651.8538,1.0,1.0,1.0,44.07875,36.313694,1.0
73.33343,1.0,1.0,64.26167,56.612812,41.945,51.463547,1.0,1.0,73.932976,74.83879,57.181847,37.976475,60.464233,51.9379,1.0,1.0,83.088264,662.3329,1.0,1.0,1.0,44.628654,36.739258,1.0
72.62565,1.0,1.0,63.56833,56.05331,41.559647,50.949852,1.0,1.0,73.2276,74.11723,56.550034,37.657715,59.95606,51.469204,1.0,1.0,81.69132,652.98975,1.0,1.0,1.0,44.21576,36.43173,1.0
72.214035,1.0,1.0,63.30218,55.754982,41.322464,50.69856,1.0,1.0,72.80651,73.70246,56.334797,37.400364,59.534763,51.147312,1.0,1.0,81.93543,652.5792,1.0,1.0,1.0,43.95641,36.187866,1.0
74.86005,1.0,1.0,65.82976,57.85499,42.75175,52.58205,1.0,1.0,75.44315,76.38957,58.62635,38.63288,61.485382,52.928833,1.0,1.0,86.71901,685.2404,1.0,1.0,1.0,45.510002,37.358414,1.0
72.24819,1.0,1.0,63.487766,55.817696,41.323174,50.772926,1.0,1.0,72.8282,73.74277,56.535053,37.336876,59.416424,51.11684,1.0,1.0,83.19564,658.65643,1.0,1.0,1.0,43.95492,36.126972,1.0
71.71819,1.0,1.0,63.148647,55.449722,41.003643,50.440914,1.0,1.0,72.28136,73.20095,56.26328,37.008358,58.86348,50.704826,1.0,1.0,83.57839,658.3253,1.0,1.0,1.0,43.620304,35.805443,1.0
73.55884,1.0,1.0,65.11132,57.00162,41.933502,51.791485,1.0,1.0,74.08689,75.06786,58.07846,37.775097,60.015865,51.880283,1.0,1.0,88.62421,688.7464,1.0,1.0,1.0,44.67113,36.495506,1.0
70.75347,1.0,1.0,62.755848,54.886196,40.322998,49.815105,1.0,1.0,71.24648,72.18796,56.014904,36.302753,57.596493,49.88189,1.0,1.0,86.388214,666.62915,1.0,1.0,1.0,42.963985,35.08355,1.0
70.11338,1.0,1.0,62.42341,54.587513,39.663925,48.81061,1.0,1.0,70.53836,71.40574,55.759186,36.06934,56.894665,49.472794,1.0,1.0,87.49187,663.10583,1.0,1.0,1.0,42.56665,34.86525,1.0
71.26924,1.0,1.0,63.57383,55.57923,40.12931,49.25594,1.0,1.0,71.66801,72.603676,56.803158,36.74471,57.8537,50.31143,1.0,1.0,89.41926,672.5898,1.0,1.0,1.0,43.279564,35.508366,1.0
72.26996,1.0,1.0,67.594505,59.78265,37.71583,44.045494,1.0,1.0,75.379036,77.22988,60.01933,40.496002,61.407513,53.25074,1.0,1.0,94.027275,574.55884,1.0,1.0,1.0,46.21935,37.767265,1.0
77.74363,1.0,1.0,67.93329,59.992798,44.38485,54.417576,1.0,1.0,78.37011,79.29191,60.39549,40.32001,64.22055,55.099598,1.0,1.0,86.8246,696.72546,1.0,1.0,1.0,47.298534,38.956303,1.0
77.72708,1.0,1.0,68.02586,60.000248,44.367573,54.444836,1.0,1.0,78.34646,79.28132,60.502254,40.254105,64.10919,55.049534,1.0,1.0,87.63027,700.50775,1.0,1.0,1.0,47.273243,38.89762,1.0
77.3893,1.0,1.0,67.69415,59.730167,44.18646,54.201843,1.0,1.0,78.01083,78.93937,60.19943,40.100796,63.869076,54.82526,1.0,1.0,86.94992,696.00793,1.0,1.0,1.0,47.075527,38.752518,1.0
78.08854,1.0,1.0,68.51281,60.32609,44.541492,54.744995,1.0,1.0,78.69383,79.64972,60.97376,40.351086,64.24158,55.245518,1.0,1.0,89.402466,710.2079,1.0,1.0,1.0,47.466515,38.985184,1.0
77.11713,1.0,1.0,70.26842,61.64535,41.900906,50.289165,1.0,1.0,78.65584,80.10809,62.596264,41.20234,63.73453,55.37368,1.0,1.0,99.321686,687.188,1.0,1.0,1.0,47.820435,39.168808,1.0
72.69769,1.0,1.0,64.57691,56.526745,41.181736,50.78743,1.0,1.0,73.1406,74.03466,57.646717,37.323177,58.994568,51.259842,1.0,1.0,90.12706,687.69763,1.0,1.0,1.0,44.09938,36.043484,1.0
72.2867,1.0,1.0,62.846348,55.877213,41.289726,50.50224,1.0,1.0,72.85493,73.67462,55.84282,37.895153,60.131126,51.49583,1.0,1.0,78.10865,633.88806,1.0,1.0,1.0,44.154568,36.500008,1.0
71.7113,1.0,1.0,62.397785,55.402485,40.993046,50.140522,1.0,1.0,72.28391,73.10219,55.452454,37.512123,59.584,51.03901,1.0,1.0,77.87964,630.79675,1.0,1.0,1.0,43.780148,36.18459,1.0
72.017914,1.0,1.0,62.585815,55.689404,41.127438,50.2991,1.0,1.0,72.57937,73.39404,55.609818,37.808758,59.950382,51.3359,1.0,1.0,77.59079,630.29114,1.0,1.0,1.0,44.01084,36.38791,1.0
71.32183,1.0,1.0,62.091957,55.08438,40.79025,49.89338,1.0,1.0,71.89765,72.713,55.18655,37.257736,59.216206,50.732967,1.0,1.0,77.70665,628.6047,1.0,1.0,1.0,43.528072,35.972584,1.0
72.0727,1.0,1.0,62.65901,55.714752,41.16969,50.354015,1.0,1.0,72.63897,73.456,55.678123,37.789646,59.95696,51.347317,1.0,1.0,77.859604,631.87964,1.0,1.0,1.0,44.027596,36.396656,1.0
71.60938,1.0,1.0,62.261864,55.35895,40.912685,50.038055,1.0,1.0,72.172905,72.98326,55.328217,37.549053,59.5691,51.018593,1.0,1.0,77.37995,627.83813,1.0,1.0,1.0,43.748745,36.16861,1.0
69.69845,1.0,1.0,60.40445,54.060787,39.704933,48.542023,1.0,1.0,70.184135,70.91445,53.669643,36.944798,58.22705,49.87746,1.0,1.0,73.79314,602.32733,1.0,1.0,1.0,42.726215,35.357468,1.0
70.05439,1.0,1.0,61.471092,54.11518,40.10183,49.21881,1.0,1.0,70.61831,71.48619,54.72582,36.28531,57.709183,49.61719,1.0,1.0,79.89926,634.5508,1.0,1.0,1.0,42.661835,35.113384,1.0
69.80282,1.0,1.0,60.961716,53.86221,39.990505,48.946224,1.0,1.0,70.38731,71.21796,54.208187,36.310627,57.77186,49.54399,1.0,1.0,77.36548,621.55206,1.0,1.0,1.0,42.552418,35.13127,1.0
70.901054,1.0,1.0,67.94419,60.03603,33.9767,38.742767,1.0,1.0,74.554214,76.58655,60.995075,40.842335,61.483757,53.17303,1.0,1.0,90.88118,456.2635,1.0,1.0,1.0,45.968006,37.76953,1.0
71.365,1.0,1.0,68.58758,60.61182,33.71921,38.2666,1.0,1.0,75.08023,77.07485,61.538837,41.250103,62.055855,53.618347,1.0,1.0,91.01285,441.94595,1.0,1.0,1.0,46.309776,38.05243,1.0
70.89667,1.0,1.0,61.543083,54.888607,40.45766,49.468285,1.0,1.0,71.43373,72.22094,54.6794,37.37128,59.120308,50.623825,1.0,1.0,75.81046,617.16876,1.0,1.0,1.0,43.383236,35.8847,1.0
69.6982,1.0,1.0,60.474632,53.993084,39.76455,48.612133,1.0,1.0,70.21276,70.97625,53.72954,36.815475,58.16365,49.80909,1.0,1.0,74.28415,605.1222,1.0,1.0,1.0,42.683556,35.31601,1.0
67.93411,1.0,1.0,58.83721,52.745327,38.686443,47.288063,1.0,1.0,68.38925,69.07807,52.288498,36.11883,56.80361,48.67378,1.0,1.0,71.601456,584.88495,1.0,1.0,1.0,41.694447,34.518314,1.0
69.35627,1.0,1.0,60.18237,53.72816,39.580215,48.386444,1.0,1.0,69.871864,70.63087,53.47581,36.636517,57.878338,49.566402,1.0,1.0,73.925415,602.16785,1.0,1.0,1.0,42.478405,35.14993,1.0
71.95952,1.0,1.0,62.482418,55.693127,41.054028,50.204918,1.0,1.0,72.5059,73.306465,55.51132,37.87218,59.963287,51.347534,1.0,1.0,77.157684,627.6692,1.0,1.0,1.0,44.003574,36.38343,1.0
72.75794,1.0,1.0,63.31383,56.21365,41.565594,50.849842,1.0,1.0,73.33565,74.156586,56.265068,38.025043,60.415436,51.76238,1.0,1.0,79.16083,640.80945,1.0,1.0,1.0,44.396294,36.67695,1.0
78.27037,1.0,1.0,68.49604,60.4111,44.676918,54.825012,1.0,1.0,78.89661,79.8373,60.921234,40.526638,64.55716,55.42875,1.0,1.0,88.21393,705.4203,1.0,1.0,1.0,47.5973,39.164974,1.0
79.07552,1.0,1.0,69.96564,61.312683,44.94087,55.565918,1.0,1.0,79.61186,80.652824,62.382896,40.58344,64.46626,55.746395,1.0,1.0,95.399376,741.50385,1.0,1.0,1.0,47.976234,39.126083,1.0
71.70156,1.0,1.0,62.228836,55.518265,40.89568,50.00854,1.0,1.0,72.241776,73.0314,55.287373,37.798363,59.791267,51.19929,1.0,1.0,76.62737,624.05566,1.0,1.0,1.0,43.868732,36.28036,1.0
77.97174,1.0,1.0,68.69362,60.308353,44.43915,54.759426,1.0,1.0,78.55522,79.54399,61.198715,40.142082,63.878834,55.063126,1.0,1.0,91.50818,719.63403,1.0,1.0,1.0,47.351852,38.784863,1.0
77.93769,1.0,1.0,69.08422,60.516212,44.16859,54.568336,1.0,1.0,78.41721,79.40042,61.63312,39.933685,63.297302,54.907852,1.0,1.0,95.822945,736.65625,1.0,1.0,1.0,47.229485,38.511826,1.0
71.21767,1.0,1.0,61.79958,55.15663,40.616737,49.664207,1.0,1.0,71.75002,72.53053,54.906013,37.571095,59.402874,50.869446,1.0,1.0,76.02425,619.2618,1.0,1.0,1.0,43.58498,36.04933,1.0
75.12936,1.0,1.0,65.22284,58.117596,42.825657,52.39191,1.0,1.0,75.69865,76.53598,57.93585,39.49265,62.58757,53.579273,1.0,1.0,80.56891,656.072,1.0,1.0,1.0,45.906483,37.941994,1.0
77.985756,1.0,1.0,68.023705,60.158485,44.52326,54.53707,1.0,1.0,78.6174,79.52262,60.44635,40.510693,64.52702,55.31389,1.0,1.0,86.17436,694.4986,1.0,1.0,1.0,47.463997,39.131126,1.0
78.53003,1.0,1.0,68.53128,60.574,44.83472,54.934605,1.0,1.0,79.169945,80.09084,60.90511,40.760807,64.94643,55.680157,1.0,1.0,87.03563,700.7715,1.0,1.0,1.0,47.781292,39.38189,1.0
79.65787,1.0,1.0,69.72747,61.48899,45.4357,55.780575,1.0,1.0,80.2851,81.24236,62.013107,41.223938,65.67026,56.396553,1.0,1.0,89.97884,719.02673,1.0,1.0,1.0,48.428444,39.82556,1.0
79.845,1.0,1.0,70.33034,61.75597,45.4739,56.048595,1.0,1.0,80.439316,81.450424,62.647793,41.090855,65.40694,56.377033,1.0,1.0,93.68957,737.10785,1.0,1.0,1.0,48.473286,39.688843,1.0
78.2123,1.0,1.0,69.72416,61.038837,43.829895,53.801632,1.0,1.0,78.60686,79.6406,62.25758,40.32875,63.47731,55.197727,1.0,1.0,98.08383,737.4564,1.0,1.0,1.0,47.446735,38.8805,1.0
80.40755,1.0,1.0,71.016754,62.284237,45.717556,56.466766,1.0,1.0,80.97182,82.0164,63.291264,41.299004,65.66907,56.712963,1.0,1.0,95.997604,749.70416,1.0,1.0,1.0,48.785778,39.839134,1.0
80.46073,1.0,1.0,70.81963,62.22222,45.815697,56.451748,1.0,1.0,81.05842,82.06948,63.068256,41.43151,65.952995,56.82657,1.0,1.0,94.02756,741.0264,1.0,1.0,1.0,48.8505,40.009865,1.0
80.39567,1.0,1.0,70.784904,62.182423,45.77313,56.410614,1.0,1.0,80.990456,82.001915,63.04385,41.38952,65.8775,56.774757,1.0,1.0,94.135895,741.2538,1.0,1.0,1.0,48.808807,39.96559,1.0
80.459946,1.0,1.0,71.03866,62.312984,45.754833,56.499577,1.0,1.0,81.02871,82.069855,63.30663,41.334755,65.73535,56.756897,1.0,1.0,95.85374,749.286,1.0,1.0,1.0,48.820446,39.87985,1.0
79.98498,1.0,1.0,70.59543,61.928356,45.506474,56.171314,1.0,1.0,80.55852,81.58959,62.91046,41.102448,65.378075,56.4319,1.0,1.0,95.04879,743.777,1.0,1.0,1.0,48.53902,39.670296,1.0
79.76032,1.0,1.0,70.6473,61.871746,45.285957,56.01917,1.0,1.0,80.287605,81.34176,63.003033,40.88261,64.92348,56.196495,1.0,1.0,97.01936,751.2934,1.0,1.0,1.0,48.363396,39.41258,1.0
79.70321,1.0,1.0,70.56537,61.803883,45.288155,56.021824,1.0,1.0,80.24324,81.30482,62.92278,40.868977,64.935005,56.16627,1.0,1.0,96.52763,749.27936,1.0,1.0,1.0,48.341946,39.404053,1.0
79.52755,1.0,1.0,70.46876,61.725803,45.085854,55.732212,1.0,1.0,80.029366,81.05088,62.85421,40.743504,64.637634,56.023613,1.0,1.0,97.4014,750.8877,1.0,1.0,1.0,48.19421,39.28481,1.0
80.629845,1.0,1.0,71.01771,62.381634,45.887497,56.571964,1.0,1.0,81.218575,82.23579,63.25429,41.499672,66.03754,56.931347,1.0,1.0,94.661896,744.51825,1.0,1.0,1.0,48.94622,40.058655,1.0
80.614006,1.0,1.0,70.99984,62.364048,45.883423,56.56361,1.0,1.0,81.20484,82.22137,63.238033,41.491154,66.029686,56.920532,1.0,1.0,94.60016,744.2065,1.0,1.0,1.0,48.936745,40.05514,1.0
79.577995,1.0,1.0,70.478226,61.718636,45.20951,55.935,1.0,1.0,80.11286,81.17506,62.849953,40.79688,64.80818,56.07177,1.0,1.0,96.5834,748.97217,1.0,1.0,1.0,48.263527,39.330025,1.0
79.696594,1.0,1.0,70.58444,61.811325,45.271957,56.011307,1.0,1.0,80.23108,81.293175,62.94484,40.854557,64.898575,56.15358,1.0,1.0,96.76463,750.21783,1.0,1.0,1.0,48.3325,39.386314,1.0
80.51042,1.0,1.0,70.80386,62.246677,45.849422,56.464127,1.0,1.0,81.11172,82.113,63.04268,41.489002,66.04792,56.88289,1.0,1.0,93.62028,739.3006,1.0,1.0,1.0,48.890076,40.0643,1.0
80.61723,1.0,1.0,71.00217,62.36972,45.882027,56.562874,1.0,1.0,81.206566,82.22263,63.23967,41.49512,66.03146,56.9238,1.0,1.0,94.608086,744.22626,1.0,1.0,1.0,48.939358,40.05549,1.0
80.08299,1.0,1.0,70.77695,62.049294,45.528522,56.255207,1.0,1.0,80.641174,81.68799,63.088493,41.11315,65.36136,56.470875,1.0,1.0,95.98065,748.33435,1.0,1.0,1.0,48.585102,39.657455,1.0
79.83246,1.0,1.0,70.682495,61.908203,45.355625,56.10958,1.0,1.0,80.370865,81.43454,63.026646,40.9348,65.035065,56.255985,1.0,1.0,96.71928,750.64417,1.0,1.0,1.0,48.419304,39.462837,1.0
80.446075,1.0,1.0,70.8307,62.224518,45.797268,56.44308,1.0,1.0,81.0393,82.05099,63.08393,41.415546,65.91527,56.80975,1.0,1.0,94.218346,741.801,1.0,1.0,1.0,48.83888,39.98734,1.0
80.38266,1.0,1.0,70.99549,62.267376,45.70129,56.448097,1.0,1.0,80.945694,81.98849,63.272884,41.28733,65.64618,56.695656,1.0,1.0,95.97823,749.4981,1.0,1.0,1.0,48.771225,39.826164,1.0
79.96463,1.0,1.0,70.69787,61.96893,45.455795,56.17854,1.0,1.0,80.51871,81.56682,63.023685,41.043156,65.2404,56.38059,1.0,1.0,96.045395,748.14294,1.0,1.0,1.0,48.511227,39.585896,1.0
79.98197,1.0,1.0,70.74178,61.993633,45.458042,56.197514,1.0,1.0,80.53223,81.58512,63.067543,41.039597,65.22655,56.383404,1.0,1.0,96.30202,749.37573,1.0,1.0,1.0,48.517857,39.577457,1.0
79.48943,1.0,1.0,69.5583,61.35106,45.348896,55.66041,1.0,1.0,80.12004,81.07468,61.858555,41.14744,65.55501,56.284874,1.0,1.0,89.60728,716.6549,1.0,1.0,1.0,48.32848,39.75594,1.0
80.32361,1.0,1.0,70.52224,62.068657,45.76436,56.29823,1.0,1.0,80.932976,81.9166,62.765427,41.456997,66.00883,56.7934,1.0,1.0,92.45176,733.1176,1.0,1.0,1.0,48.797195,40.036827,1.0
80.09847,1.0,1.0,70.199936,61.8537,45.666702,56.109676,1.0,1.0,80.721146,81.691284,62.45239,41.403255,65.946815,56.676304,1.0,1.0,91.18258,726.37256,1.0,1.0,1.0,48.679756,39.99362,1.0
80.140465,1.0,1.0,70.25881,61.892025,45.68649,56.14588,1.0,1.0,80.76123,81.7343,62.509167,41.41316,65.960266,56.698204,1.0,1.0,91.40549,727.5774,1.0,1.0,1.0,48.701775,40.00288,1.0
80.16252,1.0,1.0,70.28192,61.907738,45.701027,56.164513,1.0,1.0,80.784706,81.759384,62.5313,41.420597,65.97551,56.711643,1.0,1.0,91.45715,727.9311,1.0,1.0,1.0,48.71364,40.012383,1.0
80.55154,1.0,1.0,70.80386,62.271114,45.874435,56.478485,1.0,1.0,81.154106,82.150215,63.033936,41.53064,66.114296,56.924965,1.0,1.0,93.38606,738.3387,1.0,1.0,1.0,48.92111,40.101955,1.0
